Duration,x^0,x^1,x^2,x^3,x^4,x^5,x^6,x^7,y^0,y^1,y^2,y^3,y^4,y^5,y^6,y^7,z^0,z^1,z^2,z^3,z^4,z^5,z^6,z^7,yaw^0,yaw^1,yaw^2,yaw^3,yaw^4,yaw^5,yaw^6,yaw^7
1.83091,0,0,0,0,0,0,0,0,0,0,0,0,15.2129,-17.4153,7.09654,-1.01448,0,0,0,0,6.57401,-6.09902,2.13604,-0.273374,0,0,0,0,0,0,0,0
1.77077,0,0,0,0,0,0,0,0,10,3.51549,-5.02155,-0.271704,-0.196187,-0.203257,0.374119,-0.0922656,10,10.3124,-0.171642,-1.62373,-1.82385,2.32785,-0.910538,0.123979,0,0,0,0,0,0,0,0
1.85143,0,0,0,0,0,0,0,0,0,-12.0043,-1.62062e-13,1.76001,-0.263355,0.99956,-0.635965,0.107548,20,-8.18024e-14,-2.81669,3.67408e-13,-0.898144,0.98469,-0.381962,0.0559355,0,0,0,0,0,0,0,0
1.88911,0,0,0,0,0,0,0,0,-10,5.44496,4.83913,-2.42001,2.89274,-5.38758,2.99037,-0.516822,10,-9.46499,-0.563338,1.62373,-1.26219,2.52934,-1.53873,0.280696,0,0,0,0,0,0,0,0
