Duration,x^0,x^1,x^2,x^3,x^4,x^5,x^6,x^7,y^0,y^1,y^2,y^3,y^4,y^5,y^6,y^7,z^0,z^1,z^2,z^3,z^4,z^5,z^6,z^7,yaw^0,yaw^1,yaw^2,yaw^3,yaw^4,yaw^5,yaw^6,yaw^7
1.62725,0,0,0,0,0,0,0,0,0,0,0,0,16.5928,-19.3647,8.2143,-1.2547,0,0,0,0,10.812,-11.4849,4.63189,-0.687409,0,0,0,0,0,0,0,0
1.54713,0,0,0,0,0,0,0,0,10,6.36217,-7.47783,-4.78993,6.58512,-5.09821,2.33016,-0.410008,10,11.4623,-0.64153,-3.26842,0.800707,0.824508,-0.633584,0.127183,0,0,0,0,0,0,0,0
1.54961,0,0,0,0,0,0,0,0,0,-15.1056,-7.4905e-13,4.29556,0.905724,-1.66675,0.750051,-0.153394,20,-3.11486e-13,-4.55461,4.15027e-12,0.0998876,0.0989721,-0.0985621,0.0392145,0,0,0,0,0,0,0,0
1.63157,0,0,0,0,0,0,0,0,-10,6.61025,7.08862,-5.25182,5.1985,-9.87139,6.35749,-1.28272,10,-11.2588,-0.599207,3.57484,-4.05911,6.45468,-4.07531,0.826921,0,0,0,0,0,0,0,0
