Duration,x^0,x^1,x^2,x^3,x^4,x^5,x^6,x^7,y^0,y^1,y^2,y^3,y^4,y^5,y^6,y^7,z^0,z^1,z^2,z^3,z^4,z^5,z^6,z^7,yaw^0,yaw^1,yaw^2,yaw^3,yaw^4,yaw^5,yaw^6,yaw^7
1.78682,0,0,0,0,19.9452,-24.6526,10.8117,-1.65358,0,0,0,0,-5.62464,7.82853,-3.66211,0.583467,0,0,0,0,1.26545,-1.66737,0.735292,-0.111089,0,0,0,0,0,0,0,0
2.06685,10,3.49154,-3.65016,-0.905343,-4.58073,5.74157,-2.23283,0.294612,0,3.36406,2.08285,0.073755,2.93768,-4.27272,1.83018,-0.258364,0,-1.05739,-0.941986,0.0707186,-2.47839,3.78084,-1.67921,0.242759,0,0,0,0,0,0,0,0
2.09666,0,-5.62802,2.42058,0.38004,2.49002,-2.91049,1.08193,-0.137265,10,6.9318e-14,-3.07817,7.0854e-15,-3.82331,4.7824,-1.90645,0.256022,0,5.86199,2.42058,-0.38004,3.95564,-6.00528,2.64476,-0.377441,0,0,0,0,0,0,0,0
1.83554,0,1.51062,-0.941986,-0.0814027,-1.91205,2.79706,-1.31258,0.206968,0,-2.9925,2.08285,-0.09834,3.70996,-5.30208,2.48162,-0.391248,10,-4.91282,-3.65016,1.04464,-6.38732,10.8946,-5.66682,0.955685,0,0,0,0,0,0,0,0
