Duration,x^0,x^1,x^2,x^3,x^4,x^5,x^6,x^7,y^0,y^1,y^2,y^3,y^4,y^5,y^6,y^7,z^0,z^1,z^2,z^3,z^4,z^5,z^6,z^7,yaw^0,yaw^1,yaw^2,yaw^3,yaw^4,yaw^5,yaw^6,yaw^7
2.37016,0,0,0,0,0,0,0,0,0,0,0,0,4.87462,-4.24947,1.32816,-0.146229,0,0,0,0,-2.25318,2.25746,-0.75652,0.086558,0,0,0,0,0,0,0,0
2.35254,0,0,0,0,0,0,0,0,10,3.68734,-2.47651,-0.337061,-0.616306,1.24768,-0.525846,0.0690405,0,4.105,2.47651,-0.396246,1.32003,-2.25181,0.987426,-0.134813,0,0,0,0,0,0,0,0
